filename,frame_num,fps
normal_trimmed_50.mp4,100,2.873759179055704
normal_trimmed_50.mp4,200,11.27385230079258
normal_trimmed_50.mp4,300,11.214933985558057
